Algorithm,Top-N,MoviesPerPage,ThresholdRating,TotalIDs,ParameterTest,ParameterValue,OtherParameters,TotalTime/s,MeanTime/s,MAE,RMSE,Coverage,Diversity,Novelty,LOOCV_HR,Validation_HR,Cumulative_HR,MeanReciprocal_HR,ActualRating_HR
Item-Based CF,10,5,3,10,,,"{'neighbours': 100, 'sample': 100, 'threshold': 2.0, 'pred': 'calc'}",0.37282721,0.037282721,0.81788195,0.847521495,0.292219048,0.303800958,0.077635238,0,0.18,0.18,0.13,"{2.0: 0.000641025641025641, 3.0: 0.003333333333333333, 3.5: 0.000641025641025641, 4.0: 0.009725511069283363, 5.0: 0.0037395228884590584}"
User-Based CF,10,5,3,10,,,"{'neighbours': 100, 'sample': 100, 'threshold': 2.0, 'pred': 'calc'}",11.81171491,1.181171491,0.256619039,0.269140563,0.252552381,0.430652114,0.008315238,0,0.12,0.12,0.085,"{3.0: 0.0011494252873563218, 4.0: 0.004259634888438134, 4.5: 0.007205279115391474, 5.0: 0.0031746031746031746}"
Item-Based KNN,10,5,3,10,,,"{'neighbours': 100, 'sample': 100, 'threshold': 2.0, 'pred': 'calc'}",28.57385419,2.857385419,0.543996513,0.593886913,0.120390476,0.156987842,0.003518095,0,0.1,0.1,0.08,"{1.0: 0.001020408163265306, 3.0: 0.001941747572815534, 3.5: 0.0006622516556291391, 4.0: 0.0016826598188944453, 4.5: 0.0035866910866910865, 5.0: 0.0009345794392523364}"
User-Based KNN,10,5,3,10,,,"{'neighbours': 100, 'sample': 100, 'threshold': 2.0, 'pred': 'calc'}",2.81609593,0.281609593,0.475466629,0.53625482,0.097609524,0.409357388,0.01096381,0,0.3,0.3,0.22,"{3.0: 0.005664830841856806, 3.5: 0.0073861327119516635, 4.0: 0.00716850294993313, 4.5: 0.010327309182539898, 5.0: 0.01693260091681012}"
Random Control,10,5,3,10,,,{'randomRatings': True},0.01711746,0.001711746,0,0,1,0.000538804,0.568250476,0,0,0,0,{}
Item-Based CF,10,5,3,10,predict,rand,"{'neighbours': 100, 'sample': 100, 'threshold': 2.0}",0.11186794,0.011186794,1.837522891,2.022493533,0.262285714,0.313914996,0.061639048,0.1,0.22,0.12,0.175,"{2.0: 0.0024390243902439024, 2.5: 0.0008130081300813009, 3.0: 0.006348637015781923, 4.0: 0.015589149305074702, 4.5: 0.0059412132582864294, 5.0: 0.010355916202401137}"
User-Based CF,10,5,3,10,predict,rand,"{'neighbours': 100, 'sample': 100, 'threshold': 2.0}",11.79967987,1.179967987,1.125993624,1.167065783,0.257190476,0.430620443,0.009057143,0,0.13,0.06,0.095,"{2.5: 0.0013986013986013986, 3.0: 0.0006993006993006993, 3.5: 0.0037795537795537793, 4.0: 0.002847876760920239, 4.5: 0.0006993006993006993, 5.0: 0.005935127674258109}"
Item-Based KNN,10,5,3,10,predict,rand,"{'neighbours': 100, 'sample': 100, 'threshold': 2.0}",28.7349138,2.87349138,1.689455093,1.86206658,0.096809524,0.162071071,0.002308571,0,0.14,0.07,0.105,"{3.0: 0.0018867924528301887, 3.5: 0.0031735985533453887, 4.0: 0.0071084300099318876, 4.5: 0.00397161267850923, 5.0: 0.002127659574468085}"
User-Based KNN,10,5,3,10,predict,rand,"{'neighbours': 100, 'sample': 100, 'threshold': 2.0}",2.82501707,0.282501707,1.85347988,1.990853303,0.110933333,0.409590243,0.010909524,0,0.35,0.1,0.25,"{3.0: 0.004897959183673469, 3.5: 0.005714285714285714, 4.0: 0.022495900769073672, 4.5: 0.00398901098901099, 5.0: 0.012631291320854932}"
Random Control,10,5,3,10,predict,rand,{'randomRatings': True},0.01669398,0.001669398,0.453886921,0.453886921,1,0.000534816,0.478374286,0,0.02,0.01,0.015,"{4.0: 0.0014492753623188406, 4.5: 0.000546448087431694}"
Item-Based CF,10,5,3,10,predict,calc,"{'neighbours': 100, 'sample': 100, 'threshold': 2.0}",0.10682315,0.010682315,0.576204184,0.640908189,0.300714286,0.365722277,0.070579048,0,0.22,0.22,0.17,"{3.0: 0.006293057763645998, 3.5: 0.0008626861397479955, 4.0: 0.005368703956313912, 4.5: 0.0010256679991584262, 5.0: 0.007062561773506876}"
User-Based CF,10,5,3,10,predict,calc,"{'neighbours': 100, 'sample': 100, 'threshold': 2.0}",11.68975246,1.168975246,0.228436483,0.228436483,0.254095238,0.315414857,0.004924762,0,0.02,0.02,0.015,"{3.0: 0.0005649717514124294, 4.0: 0.002702702702702703}"
Item-Based KNN,10,5,3,10,predict,calc,"{'neighbours': 100, 'sample': 100, 'threshold': 2.0}",28.8287038,2.88287038,0.337253194,0.337253194,0.116009524,0.15132425,0.002074286,0,0.09,0.09,0.075,"{3.0: 0.002325581395348837, 3.5: 0.0024390243902439024, 4.5: 0.004110499169507824, 5.0: 0.0044445012787723785}"
User-Based KNN,10,5,3,10,predict,calc,"{'neighbours': 100, 'sample': 100, 'threshold': 2.0}",2.82899957,0.282899957,0.830462214,0.912786855,0.09312381,0.384580881,0.016760952,0,0.36,0.36,0.28,"{2.5: 0.0034156142365097592, 3.0: 0.006693935702245725, 3.5: 0.0035173969766244956, 4.0: 0.024354988314251817, 4.5: 0.008702173352916247, 5.0: 0.006229465418007998}"
Random Control,10,5,3,10,predict,calc,{'randomRatings': True},0.01656885,0.001656885,0,0,1,0.000543259,0.529531429,0,0,0,0,{}
Item-Based CF,10,5,3,10,predict,sims,"{'neighbours': 100, 'sample': 100, 'threshold': 2.0}",0.10630908,0.010630908,0.893128535,0.953462149,0.271657143,0.332313013,0.050037143,0,0.19,0.14,0.15,"{2.0: 0.0018867924528301887, 3.0: 0.007524327360167077, 3.5: 0.00486111111111111, 4.0: 0.0067675983436852995, 4.5: 0.0031046461137646543, 5.0: 0.0121338247465962}"
User-Based CF,10,5,3,10,predict,sims,"{'neighbours': 100, 'sample': 100, 'threshold': 2.0}",11.79629209,1.179629209,0.534969707,0.536499994,0.247390476,0.352470329,0.008304762,0,0.05,0.01,0.04,"{3.0: 0.0017543859649122805, 3.5: 0.002, 4.0: 0.002127659574468085, 5.0: 0.002640480087288598}"
Item-Based KNN,10,5,3,10,predict,sims,"{'neighbours': 100, 'sample': 100, 'threshold': 2.0}",28.76429396,2.876429396,0.373949678,0.390165983,0.091695238,0.180699903,0.00268381,0,0.1,0.1,0.09,"{3.0: 0.004147640791476408, 4.0: 0.002702702702702703, 4.5: 0.0027777777777777775, 5.0: 0.010863378876225122}"
User-Based KNN,10,5,3,10,predict,sims,"{'neighbours': 100, 'sample': 100, 'threshold': 2.0}",2.83659462,0.283659462,1.272594445,1.341842507,0.113161905,0.453055329,0.016140952,0,0.34,0.11,0.265,"{3.0: 0.010221992178513918, 3.5: 0.0018518518518518517, 4.0: 0.01638535556052542, 4.5: 0.002881136950904393, 5.0: 0.014198297097627011}"
Random Control,10,5,3,10,predict,sims,{'randomRatings': True},0.01662406,0.001662406,0.001347384,0.001347384,1,0.000414212,0.469065714,0,0.01,0.01,0.005,{3.0: 0.0013157894736842105}
Item-Based CF,10,5,3,10,predict,norm_sims,"{'neighbours': 100, 'sample': 100, 'threshold': 2.0}",0.10849069,0.010849069,0.739114251,0.841975558,0.273685714,0.341955711,0.079308571,0,0.27,0.27,0.22,"{2.0: 0.0012987012987012987, 2.5: 0.00024271844660194174, 3.0: 0.007397504456327986, 3.5: 0.0018075491759702287, 4.0: 0.006332436053798282, 4.5: 0.0018075491759702287, 5.0: 0.01743060182948636}"
User-Based CF,10,5,3,10,predict,norm_sims,"{'neighbours': 100, 'sample': 100, 'threshold': 2.0}",12.11026485,1.211026485,0.409740741,0.453253967,0.257257143,0.360197001,0.006569524,0,0.11,0.07,0.075,"{2.0: 0.002325581395348837, 4.0: 0.003826232198093802, 4.5: 0.0010033444816053513, 5.0: 0.0022575250836120403}"
Item-Based KNN,10,5,3,10,predict,norm_sims,"{'neighbours': 100, 'sample': 100, 'threshold': 2.0}",30.05740525,3.005740525,0.104465538,0.107996993,0.1248,0.133094792,0.006775238,0,0.1,0.1,0.08,"{4.0: 0.0003891050583657588, 4.5: 0.004661000292023272, 5.0: 0.006059737004227477}"
User-Based KNN,10,5,3,10,predict,norm_sims,"{'neighbours': 100, 'sample': 100, 'threshold': 2.0}",3.00499472,0.300499472,0.681972472,0.766514745,0.10592381,0.435167645,0.006297143,0,0.33,0.26,0.265,"{3.0: 0.003403779719569193, 3.5: 0.007280194217462653, 4.0: 0.01606847685795294, 4.5: 0.00469317854995163, 5.0: 0.007435127959566879}"
Random Control,10,5,3,10,predict,norm_sims,{'randomRatings': True},0.01701329,0.001701329,0.514407695,0.514407695,1,0.000565822,0.514412381,0,0.02,0,0.015,{4.0: 0.0012184052506633153}
Item-Based CF,10,5,3,706,,,"{'neighbours': 100, 'sample': 100, 'threshold': 2.0, 'pred': 'calc'}",75.3710012,0.106757792,0.64879789,0.731561263,0.301687171,0.352360995,0.063212276,0.02266289,0.219830028,0.219830028,0.17131728,"{0.5: 4.052532715595914e-05, 1.0: 8.112425160021411e-05, 1.5: 0.0002490872268230553, 2.0: 0.0010559604180806112, 2.5: 0.0006728671753632434, 3.0: 0.004469058571128587, 3.5: 0.004306584510052096, 4.0: 0.010872194463640676, 4.5: 0.00528856495402423, 5.0: 0.007354293725081661}"
User-Based CF,10,5,3,706,,,"{'neighbours': 100, 'sample': 100, 'threshold': 2.0, 'pred': 'calc'}",987.1683087,1.398255395,0.390337343,0.42186459,0.216556994,0.400196689,0.005287185,0,0.135269122,0.135269122,0.104249292,"{0.5: 8.910827288754751e-06, 1.0: 6.07479556337139e-05, 1.5: 6.50372885106771e-05, 2.0: 0.0001823458416515978, 2.5: 0.0004319228577114556, 3.0: 0.0012967346222414417, 3.5: 0.0020996230550218813, 4.0: 0.005052719666685979, 4.5: 0.0031028371328121612, 5.0: 0.004120121077750437}"
Item-Based KNN,10,5,3,706,,,"{'neighbours': 100, 'sample': 100, 'threshold': 2.0, 'pred': 'calc'}",3964.714371,5.615742735,0.529303152,0.557534029,0.129527452,0.153044386,0.003329543,0.02407932,0.105382436,0.105382436,0.083002833,"{0.5: 4.136234702825324e-05, 1.0: 0.0001081842315306863, 1.5: 5.9215376667507434e-05, 2.0: 0.00030312741096300585, 2.5: 0.0002796373164885058, 3.0: 0.002230856659619263, 3.5: 0.0018554027136393819, 4.0: 0.005416772050520103, 4.5: 0.0028130968821902173, 5.0: 0.0040643762879958995}"
User-Based KNN,10,5,3,706,,,"{'neighbours': 100, 'sample': 100, 'threshold': 2.0, 'pred': 'calc'}",495.6440681,0.702045422,0.676015374,0.732385198,0.131094833,0.414831152,0.00767298,0.004249292,0.247308782,0.244192635,0.193909348,"{0.5: 4.17920842422563e-05, 1.0: 0.000210551022348553, 1.5: 8.7214089567351e-05, 2.0: 0.0003401008321649286, 2.5: 0.0005461830415572717, 3.0: 0.003264986073495611, 3.5: 0.003759582032187294, 4.0: 0.010488146258008698, 4.5: 0.006133542639737455, 5.0: 0.009275228493852636}"
Item-Based CF,30,5,3,706,threshold,0,"{'neighbours': 100, 'sample': 100, 'pred': 'calc'}",75.9705838,0.107607059,0.756949396,0.924257337,0.297835694,0.443855737,0.080490939,0.036827195,0.192540132,0.192445703,0.090886056,"{0.5: 0.0002485077238288446, 1.0: 0.0008305404918947037, 1.5: 0.0005651906317143042, 2.0: 0.0026302442594590704, 2.5: 0.002399054290902282, 3.0: 0.012582344526477636, 3.5: 0.009974753935763867, 4.0: 0.028190835489605676, 4.5: 0.012717469803648304, 5.0: 0.016868314355659404}"
User-Based CF,30,5,3,706,threshold,0,"{'neighbours': 100, 'sample': 100, 'pred': 'calc'}",961.7394438,1.362237173,0.575444205,0.64787924,0.215089303,0.546162392,0.010699209,0.014164306,0.118555241,0.118555241,0.056207901,"{0.5: 3.7292434121865824e-05, 1.0: 0.00019252590476619375, 1.5: 0.00020159857965335257, 2.0: 0.0006861341289177059, 2.5: 0.0008859502512429501, 3.0: 0.0041239514793797605, 3.5: 0.004718616678405984, 4.0: 0.012644112329913375, 4.5: 0.00750869355822318, 5.0: 0.010365533644828251}"
Item-Based KNN,30,5,3,706,threshold,0,"{'neighbours': 100, 'sample': 100, 'pred': 'calc'}",4479.777752,6.345294267,0.739910943,0.861658449,0.131564279,0.277319298,0.004884671,0.036827195,0.105476865,0.105429651,0.043465534,"{0.5: 0.0003369571018149142, 1.0: 0.00037116698953850705, 1.5: 0.0002854547480061257, 2.0: 0.0008101790534942503, 2.5: 0.0011863373997349417, 3.0: 0.006093508534268692, 3.5: 0.006289781389830591, 4.0: 0.015639053292404333, 4.5: 0.007408132513857183, 5.0: 0.009778187908130755}"
User-Based KNN,30,5,3,706,threshold,0,"{'neighbours': 100, 'sample': 100, 'pred': 'calc'}",494.2014019,0.700001986,0.810835327,0.916819372,0.131298934,0.556638303,0.014917658,0.015580737,0.209442871,0.204721435,0.096496695,"{0.5: 0.00027386625785577525, 1.0: 0.0006187254457395647, 1.5: 0.0003328742770716746, 2.0: 0.0014732171605870469, 2.5: 0.0016610139256268358, 3.0: 0.009494856493928318, 3.5: 0.008305390175182297, 4.0: 0.026315609586604814, 4.5: 0.01218449821293354, 5.0: 0.021896555824039068}"
Item-Based CF,30,5,3,706,threshold,0.5,"{'neighbours': 100, 'sample': 100, 'pred': 'calc'}",77.3217859,0.109520943,0.756949396,0.924257337,0.297835694,0.443855737,0.080490939,0.036827195,0.192540132,0.192445703,0.090886056,"{0.5: 0.0002485077238288446, 1.0: 0.0008305404918947037, 1.5: 0.0005651906317143042, 2.0: 0.0026302442594590704, 2.5: 0.002399054290902282, 3.0: 0.012582344526477636, 3.5: 0.009974753935763867, 4.0: 0.028190835489605676, 4.5: 0.012717469803648304, 5.0: 0.016868314355659404}"
User-Based CF,30,5,3,706,threshold,0.5,"{'neighbours': 100, 'sample': 100, 'pred': 'calc'}",978.6224318,1.386150753,0.572701765,0.646387208,0.215001349,0.544950504,0.010747142,0.014164306,0.117705382,0.117705382,0.055522506,"{0.5: 9.637732187167306e-05, 1.0: 0.00021976495466813318, 1.5: 0.0001912822015176407, 2.0: 0.0006070498151481943, 2.5: 0.0008857506196141059, 3.0: 0.004041016974956399, 3.5: 0.0047325275475459385, 4.0: 0.012585831484566507, 4.5: 0.0074356130313373535, 5.0: 0.010368462541410892}"
Item-Based KNN,30,5,3,706,threshold,0.5,"{'neighbours': 100, 'sample': 100, 'pred': 'calc'}",4527.606072,6.413039762,0.739910943,0.861658449,0.131564279,0.277319298,0.004884671,0.036827195,0.105476865,0.105429651,0.043465534,"{0.5: 0.0003369571018149142, 1.0: 0.00037116698953850705, 1.5: 0.0002854547480061257, 2.0: 0.0008101790534942503, 2.5: 0.0011863373997349417, 3.0: 0.006093508534268692, 3.5: 0.006289781389830591, 4.0: 0.015639053292404333, 4.5: 0.007408132513857183, 5.0: 0.009778187908130755}"
User-Based KNN,30,5,3,706,threshold,0.5,"{'neighbours': 100, 'sample': 100, 'pred': 'calc'}",491.8571803,0.696681558,0.811165542,0.917438608,0.131296101,0.556665457,0.014904982,0.015580737,0.209490085,0.204674221,0.096585615,"{0.5: 0.00025846012416041336, 1.0: 0.0005758033065001451, 1.5: 0.00031524554131262723, 2.0: 0.0015251040504271048, 2.5: 0.0016300821585431588, 3.0: 0.009499003104182, 3.5: 0.008338718568488218, 4.0: 0.02625706937078538, 4.5: 0.012180486385918357, 5.0: 0.02196202510034636}"
Item-Based CF,30,5,3,706,threshold,1,"{'neighbours': 100, 'sample': 100, 'pred': 'calc'}",75.9978234,0.107645642,0.757150972,0.924733918,0.297791717,0.443858971,0.080490939,0.036827195,0.192540132,0.192445703,0.090884482,"{0.5: 0.0002485077238288446, 1.0: 0.0008305404918947037, 1.5: 0.0005651906317143042, 2.0: 0.0026302442594590704, 2.5: 0.002399054290902282, 3.0: 0.012582344526477636, 3.5: 0.009974753935763867, 4.0: 0.028190835489605676, 4.5: 0.012717469803648304, 5.0: 0.016868314355659404}"
User-Based CF,30,5,3,706,threshold,1,"{'neighbours': 100, 'sample': 100, 'pred': 'calc'}",964.4645497,1.366097096,0.5771967,0.653992696,0.216081209,0.546236776,0.010777414,0.012747875,0.115958451,0.115958451,0.055302172,"{0.5: 6.82594707491454e-05, 1.0: 0.00020589857226490927, 1.5: 0.00025774133338372007, 2.0: 0.000711164801129022, 2.5: 0.000930685239292749, 3.0: 0.00400275781667004, 3.5: 0.004640082189542683, 4.0: 0.012378564078736665, 4.5: 0.007517954392364111, 5.0: 0.00987269402710551}"
Item-Based KNN,30,5,3,706,threshold,1,"{'neighbours': 100, 'sample': 100, 'pred': 'calc'}",4482.786624,6.349556125,0.739983366,0.86182727,0.131529475,0.277327619,0.004884514,0.036827195,0.105476865,0.105476865,0.043478911,"{0.5: 0.0003369571018149142, 1.0: 0.00037116698953850705, 1.5: 0.0002854547480061257, 2.0: 0.0008101790534942503, 2.5: 0.0011863373997349417, 3.0: 0.006093508534268692, 3.5: 0.006289781389830591, 4.0: 0.015639053292404333, 4.5: 0.007408132513857183, 5.0: 0.009778187908130755}"
User-Based KNN,30,5,3,706,threshold,1,"{'neighbours': 100, 'sample': 100, 'pred': 'calc'}",497.5776511,0.704784208,0.813563499,0.919312519,0.131221638,0.556585499,0.014929367,0.015580737,0.210151086,0.205288008,0.096639125,"{0.5: 0.00025846012416041336, 1.0: 0.0005758033065001451, 1.5: 0.0003752260224341585, 2.0: 0.0015258989048574647, 2.5: 0.001649131633385089, 3.0: 0.009594458724010976, 3.5: 0.008366083950458075, 4.0: 0.026174779448663883, 4.5: 0.012199148319466288, 5.0: 0.021938545839358815}"
Item-Based CF,30,5,3,706,threshold,1.5,"{'neighbours': 100, 'sample': 100, 'pred': 'calc'}",77.2657196,0.109441529,0.757182996,0.924854142,0.297779307,0.443864629,0.080497104,0.036827195,0.192492918,0.192398489,0.090879761,"{0.5: 0.0002485077238288446, 1.0: 0.0008305404918947037, 1.5: 0.0005651906317143042, 2.0: 0.0026302442594590704, 2.5: 0.002399054290902282, 3.0: 0.012542999232174834, 3.5: 0.009974753935763867, 4.0: 0.028190835489605676, 4.5: 0.012717469803648304, 5.0: 0.016868314355659404}"
User-Based CF,30,5,3,706,threshold,1.5,"{'neighbours': 100, 'sample': 100, 'pred': 'calc'}",967.9002668,1.370963551,0.57165866,0.649560116,0.216612168,0.546194977,0.010760093,0.011331445,0.115627951,0.115627951,0.054975606,"{0.5: 6.453412021779458e-05, 1.0: 0.00021363863016054236, 1.5: 0.00021601119690002903, 2.0: 0.0006865553249920524, 2.5: 0.0009227099477190275, 3.0: 0.0039214583371654215, 3.5: 0.00455416110353172, 4.0: 0.012366356325000081, 4.5: 0.007524871764889821, 5.0: 0.01016450952321444}"
Item-Based KNN,30,5,3,706,threshold,1.5,"{'neighbours': 100, 'sample': 100, 'pred': 'calc'}",4497.851855,6.370894979,0.740068157,0.861916244,0.131527317,0.277335569,0.004886263,0.036827195,0.105476865,0.105476865,0.043482845,"{0.5: 0.0003369571018149142, 1.0: 0.00037116698953850705, 1.5: 0.0002854547480061257, 2.0: 0.0008101790534942503, 2.5: 0.0011863373997349417, 3.0: 0.006093508534268692, 3.5: 0.006289781389830591, 4.0: 0.015639053292404333, 4.5: 0.007408132513857183, 5.0: 0.009778187908130755}"
User-Based KNN,30,5,3,706,threshold,1.5,"{'neighbours': 100, 'sample': 100, 'pred': 'calc'}",496.9221569,0.703855746,0.810424255,0.915207874,0.131042898,0.556536965,0.014977027,0.015580737,0.208829084,0.20368272,0.096305477,"{0.5: 0.00025846012416041336, 1.0: 0.000568860019270239, 1.5: 0.00031524554131262723, 2.0: 0.0014727158482778246, 2.5: 0.0016070308719573565, 3.0: 0.009604611479970927, 3.5: 0.00832157312452521, 4.0: 0.02626435088727026, 4.5: 0.012128576022355899, 5.0: 0.021850588058485405}"
Item-Based CF,30,5,3,706,threshold,2,"{'neighbours': 100, 'sample': 100, 'pred': 'calc'}",75.2334381,0.106562943,0.781640083,0.962878644,0.300045955,0.440566447,0.078674557,0.04674221,0.195089707,0.194995279,0.09330107,"{0.5: 0.0004586012124617101, 1.0: 0.0009620827628958276, 1.5: 0.0003365508592227297, 2.0: 0.0032066756404487322, 2.5: 0.002379003186115217, 3.0: 0.013380369542438689, 3.5: 0.010216009404703253, 4.0: 0.025864409007638943, 4.5: 0.011569013837075884, 5.0: 0.019658837266598176}"
User-Based CF,30,5,3,706,threshold,2,"{'neighbours': 100, 'sample': 100, 'pred': 'calc'}",969.0334125,1.372568573,0.72557482,0.844570085,0.220256172,0.52282164,0.008418524,0.005665722,0.172757318,0.172710104,0.079839471,"{0.5: 0.0004929400969341888, 1.0: 0.0008163814549793939, 1.5: 0.00027897758067577604, 2.0: 0.0014653845840525142, 2.5: 0.0013432819250551434, 3.0: 0.006306861875495293, 3.5: 0.008208665529120937, 4.0: 0.020604375700780275, 4.5: 0.010834672598052406, 5.0: 0.017349032758881177}"
Item-Based KNN,30,5,3,706,threshold,2,"{'neighbours': 100, 'sample': 100, 'pred': 'calc'}",3980.69058,5.638371927,0.748541489,0.927313596,0.135504699,0.261364618,0.004391924,0.039660057,0.165864023,0.165864023,0.087032578,"{0.5: 0.0006078388780330607, 1.0: 0.0006564574279231077, 1.5: 0.0004349648629838299, 2.0: 0.002216036693697057, 2.5: 0.0013699344432136283, 3.0: 0.0087245287652193, 3.5: 0.009736095452612118, 4.0: 0.022524797948432648, 4.5: 0.010730337901233294, 5.0: 0.01974171748068384}"
User-Based KNN,30,5,3,706,threshold,2,"{'neighbours': 100, 'sample': 100, 'pred': 'calc'}",485.5294434,0.687718758,0.911676947,1.029776668,0.133835151,0.528689354,0.012031011,0.016997167,0.275684608,0.260623229,0.134062008,"{0.5: 0.0005756211530754124, 1.0: 0.0010119811862440498, 1.5: 0.0003564888405859969, 2.0: 0.002123418256647437, 2.5: 0.002214806280846055, 3.0: 0.01154799900506457, 3.5: 0.01334155825487173, 4.0: 0.03386778466105159, 4.5: 0.01718674012878869, 5.0: 0.032134923885377246}"
Item-Based CF,30,5,3,706,threshold,2.5,"{'neighbours': 100, 'sample': 100, 'pred': 'calc'}",76.2205634,0.107961138,0.782049693,0.963569995,0.299804037,0.440865443,0.078718726,0.04674221,0.195136922,0.195136922,0.093350645,"{0.5: 0.0004586012124617101, 1.0: 0.0009620827628958276, 1.5: 0.0003562235063741305, 2.0: 0.0032066756404487322, 2.5: 0.0023644096587738146, 3.0: 0.013364172508763436, 3.5: 0.010216009404703253, 4.0: 0.02586782072324288, 4.5: 0.011569013837075884, 5.0: 0.019658837266598176}"
User-Based CF,30,5,3,706,threshold,2.5,"{'neighbours': 100, 'sample': 100, 'pred': 'calc'}",972.3444232,1.37725839,0.734710698,0.85552405,0.222064286,0.526406595,0.00834737,0.004249292,0.170160529,0.170160529,0.078973875,"{0.5: 0.0006713086687202516, 1.0: 0.0008554443798572457, 1.5: 0.0002684026921935909, 2.0: 0.0015879912708907408, 2.5: 0.0013511557980033049, 3.0: 0.006470641508265768, 3.5: 0.007871543605860738, 4.0: 0.019728992885537505, 4.5: 0.01087348671033241, 5.0: 0.01690379728606205}"
Item-Based KNN,30,5,3,706,threshold,2.5,"{'neighbours': 100, 'sample': 100, 'pred': 'calc'}",3973.931028,5.628797491,0.749460536,0.928349331,0.135319718,0.26139345,0.004395869,0.039660057,0.165864023,0.165864023,0.087019987,"{0.5: 0.0006078388780330607, 1.0: 0.0006564574279231077, 1.5: 0.0004349648629838299, 2.0: 0.002216036693697057, 2.5: 0.0013699344432136283, 3.0: 0.0087245287652193, 3.5: 0.009736095452612118, 4.0: 0.022524797948432648, 4.5: 0.010730337901233294, 5.0: 0.01974171748068384}"
User-Based KNN,30,5,3,706,threshold,2.5,"{'neighbours': 100, 'sample': 100, 'pred': 'calc'}",486.4875283,0.689075819,0.92213214,1.039637467,0.133517271,0.52779941,0.012164928,0.015580737,0.274740321,0.256893296,0.133773214,"{0.5: 0.0006057579742435156, 1.0: 0.0010169153713147534, 1.5: 0.00035987933758737306, 2.0: 0.0020928165863701165, 2.5: 0.002162214001859785, 3.0: 0.011539720997037541, 3.5: 0.013362509347760277, 4.0: 0.03364324828072972, 4.5: 0.01723846436530625, 5.0: 0.03200521066167258}"
Item-Based CF,30,5,3,706,threshold,3,"{'neighbours': 100, 'sample': 100, 'pred': 'calc'}",74.4249633,0.105417795,0.797704121,0.98100089,0.295996351,0.445295238,0.079012469,0.04674221,0.195561851,0.195561851,0.093604029,"{0.5: 0.0003882168526533653, 1.0: 0.0010384725262597792, 1.5: 0.0003758961535255312, 2.0: 0.0030332242362417963, 2.5: 0.002350605092752183, 3.0: 0.012894936968879672, 3.5: 0.010294571959013253, 4.0: 0.026564858563002235, 4.5: 0.011634561423116507, 5.0: 0.019819353635435764}"
User-Based CF,30,5,3,705,threshold,3,"{'neighbours': 100, 'sample': 100, 'pred': 'calc'}",968.207102,1.373343407,0.776758218,0.898381873,0.228570927,0.530235451,0.008193181,0.007092199,0.162884161,0.162884161,0.075706068,"{0.5: 0.000670174499446465, 1.0: 0.0008696412376976048, 1.5: 0.000312299354880128, 2.0: 0.0018063289370778889, 2.5: 0.0014903421127744117, 3.0: 0.006651488114232882, 3.5: 0.007774382720697872, 4.0: 0.018885426821880495, 4.5: 0.009961201843392803, 5.0: 0.015332272987026756}"
Item-Based KNN,30,5,3,706,threshold,3,"{'neighbours': 100, 'sample': 100, 'pred': 'calc'}",3857.93911,5.464502988,0.765001836,0.945791723,0.133104269,0.260779388,0.004411718,0.039660057,0.166147309,0.166147309,0.087242682,"{0.5: 0.0006078388780330607, 1.0: 0.0006564574279231077, 1.5: 0.0004349648629838299, 2.0: 0.0021981293433499835, 2.5: 0.0013966595487777953, 3.0: 0.008694667697821398, 3.5: 0.009748928856686835, 4.0: 0.022534550797176315, 4.5: 0.010730337901233294, 5.0: 0.01984276223262011}"
User-Based KNN,30,5,3,706,threshold,3,"{'neighbours': 100, 'sample': 100, 'pred': 'calc'}",486.1811563,0.688641864,1.00097681,1.115749066,0.132936558,0.526381841,0.012653433,0.014164306,0.272332389,0.237157696,0.132860403,"{0.5: 0.0005544803979276384, 1.0: 0.0009470522476758581, 1.5: 0.0003452610239787771, 2.0: 0.0021294929297763386, 2.5: 0.0021044658860639455, 3.0: 0.010861381892725206, 3.5: 0.012883491792011583, 4.0: 0.03341258200755155, 4.5: 0.017171292812299302, 5.0: 0.03233906705870562}"
Item-Based CF,30,5,3,706,threshold,3.5,"{'neighbours': 100, 'sample': 100, 'pred': 'calc'}",70.9823701,0.100541601,0.812519473,0.998864061,0.286405289,0.45316443,0.079700023,0.04815864,0.194617564,0.194617564,0.092899748,"{0.5: 0.0003856947163489583, 1.0: 0.0009732292429218925, 1.5: 0.0003912251030276003, 2.0: 0.0029091454955133033, 2.5: 0.002206273791713735, 3.0: 0.01215101623092358, 3.5: 0.009861617045043751, 4.0: 0.026953252426987335, 4.5: 0.011916235551362502, 5.0: 0.02024779987254706}"
User-Based CF,30,5,3,705,threshold,3.5,"{'neighbours': 100, 'sample': 100, 'pred': 'calc'}",964.2309207,1.367703434,0.844152025,0.966373998,0.232052441,0.535481909,0.008335691,0.002836879,0.158817967,0.158817967,0.072622537,"{0.5: 0.0006461042686449777, 1.0: 0.0009925106740050478, 1.5: 0.00028843095586377697, 2.0: 0.0018177756878356376, 2.5: 0.0016142784684195107, 3.0: 0.007500590282572843, 3.5: 0.008206238501308366, 4.0: 0.017616907128184603, 4.5: 0.009071166586265013, 5.0: 0.01490617636222557}"
Item-Based KNN,30,5,3,706,threshold,3.5,"{'neighbours': 100, 'sample': 100, 'pred': 'calc'}",3649.924737,5.169865066,0.790794051,0.973911532,0.128794531,0.262057765,0.004673614,0.036827195,0.167610954,0.167610954,0.088105131,"{0.5: 0.0006068826379689927, 1.0: 0.0006316077683634436, 1.5: 0.0003872754427994746, 2.0: 0.002242109146178815, 2.5: 0.0014210345999355492, 3.0: 0.008747539395496285, 3.5: 0.00986207210203657, 4.0: 0.023037525508747356, 4.5: 0.010921255473804592, 5.0: 0.01981072934574752}"
User-Based KNN,30,5,3,706,threshold,3.5,"{'neighbours': 100, 'sample': 100, 'pred': 'calc'}",486.9575664,0.689741595,1.119139904,1.232223908,0.132999703,0.527896514,0.013138381,0.014164306,0.269593957,0.198489141,0.132071923,"{0.5: 0.0005382596602073585, 1.0: 0.0009180654693565111, 1.5: 0.00031279087053516085, 2.0: 0.0020688387299451854, 2.5: 0.0019359438081556408, 3.0: 0.010490186884020303, 3.5: 0.012334245511489988, 4.0: 0.032951623759699684, 4.5: 0.01723609229872678, 5.0: 0.03255078853345331}"
Item-Based CF,30,5,3,705,threshold,4,"{'neighbours': 100, 'sample': 100, 'pred': 'calc'}",49.6242581,0.070389019,0.970928606,1.168821588,0.2139116,0.522436632,0.086547108,0.045390071,0.184349882,0.184349882,0.089325453,"{0.5: 0.0004129884202227711, 1.0: 0.0006842100304142137, 1.5: 0.00048433541139169145, 2.0: 0.0024318663224285456, 2.5: 0.0018035107976452122, 3.0: 0.010535630537745522, 3.5: 0.007925571607617459, 4.0: 0.02469036854919394, 4.5: 0.012198139559002742, 5.0: 0.021444445865945724}"
User-Based CF,30,5,3,520,threshold,4,"{'neighbours': 100, 'sample': 100, 'pred': 'calc'}",936.2690615,1.800517426,1.043379238,1.216753766,0.230566262,0.539726769,0.00850728,0,0.182371795,0.181987179,0.083287393,"{0.5: 0.0011390188619404282, 1.0: 0.0007625717294904498, 1.5: 0.0004743297601300184, 2.0: 0.0018901456289043739, 2.5: 0.002619593949801955, 3.0: 0.007925041338672636, 3.5: 0.011841486857680435, 4.0: 0.018899820530171137, 4.5: 0.011504302467114666, 5.0: 0.012546879674586326}"
Item-Based KNN,30,5,3,705,threshold,4,"{'neighbours': 100, 'sample': 100, 'pred': 'calc'}",2248.448775,3.189289043,0.935143391,1.144615509,0.096507947,0.259375193,0.006052509,0.035460993,0.173333333,0.173333333,0.090689519,"{0.5: 0.0005898173569160159, 1.0: 0.0006421567912307234, 1.5: 0.0003379785140931806, 2.0: 0.0021712606490061513, 2.5: 0.0013406311780544595, 3.0: 0.008533001706473059, 3.5: 0.010075713935203944, 4.0: 0.023939094224627276, 4.5: 0.012007783780324497, 5.0: 0.020911191512355577}"
User-Based KNN,30,5,3,705,threshold,4,"{'neighbours': 100, 'sample': 100, 'pred': 'calc'}",485.6917335,0.688924445,1.580481118,1.683192079,0.13920409,0.537158301,0.014712702,0.011347518,0.261513002,0.078014184,0.127408983,"{0.5: 0.0005105288003460116, 1.0: 0.0009187157616321011, 1.5: 0.00036039678161624126, 2.0: 0.0019448700817932905, 2.5: 0.0018148319654545798, 3.0: 0.009772084025006966, 3.5: 0.011337006498765689, 4.0: 0.031104199862422955, 4.5: 0.01764264522171058, 5.0: 0.03236263384291645}"
Item-Based CF,30,5,3,684,threshold,4.5,"{'neighbours': 100, 'sample': 100, 'pred': 'calc'}",38.1114152,0.055718443,0.964172341,1.140215098,0.153347814,0.592001713,0.099611139,0.040935673,0.160964912,0.160964912,0.07779321,"{0.5: 0.00016046746537441294, 1.0: 0.0007263575636616517, 1.5: 0.00029764513134888985, 2.0: 0.0017898521846945392, 2.5: 0.0017070641906595312, 3.0: 0.009057256698712757, 3.5: 0.006077322969728191, 4.0: 0.021609118173767296, 4.5: 0.01064556939990496, 5.0: 0.01898370662702732}"
User-Based CF,30,5,3,0,threshold,4.5,"{'neighbours': 100, 'sample': 100, 'pred': 'calc'}",842.7257116,0,0,0,0,0,0,0,0,0,0,{}
Item-Based KNN,30,5,3,684,threshold,4.5,"{'neighbours': 100, 'sample': 100, 'pred': 'calc'}",1630.003587,2.38304618,0.938076831,1.07995098,0.069132971,0.271741306,0.010515873,0.036549708,0.112231969,0.112231969,0.046976933,"{0.5: 0.00024342946829899139, 1.0: 0.00034719249264035247, 1.5: 0.0002961503675653924, 2.0: 0.0008827454700646455, 2.5: 0.0009290786164914251, 3.0: 0.005578177787379439, 3.5: 0.005458705537773316, 4.0: 0.015898130834410794, 4.5: 0.00854813071831917, 5.0: 0.012465092677881661}"
User-Based KNN,30,5,3,684,threshold,4.5,"{'neighbours': 100, 'sample': 100, 'pred': 'calc'}",467.9653492,0.684159867,1.701979342,1.796110132,0.141464216,0.572744414,0.021639567,0.016081871,0.1958577,0.060331384,0.093943307,"{0.5: 0.0001466921108234313, 1.0: 0.0006119125725619537, 1.5: 0.0002947008568031429, 2.0: 0.001134778109581352, 2.5: 0.0013540143112656554, 3.0: 0.00765390138694056, 3.5: 0.006481995836877693, 4.0: 0.023234851974487946, 4.5: 0.011866409262377869, 5.0: 0.023664283428435205}"
Item-Based CF,30,5,3,0,threshold,5,"{'neighbours': 100, 'sample': 100, 'pred': 'calc'}",11.7554371,0,0,0,0,0,0,0,0,0,0,{}
User-Based CF,30,5,3,0,threshold,5,"{'neighbours': 100, 'sample': 100, 'pred': 'calc'}",11.4742511,0,0,0,0,0,0,0,0,0,0,{}
Item-Based KNN,30,5,3,0,threshold,5,"{'neighbours': 100, 'sample': 100, 'pred': 'calc'}",11.6601161,0,0,0,0,0,0,0,0,0,0,{}
User-Based KNN,30,5,3,0,threshold,5,"{'neighbours': 100, 'sample': 100, 'pred': 'calc'}",11.4841285,0,0,0,0,0,0,0,0,0,0,{}
Item-Based CF,30,5,3,706,sample,10,"{'neighbours': 100, 'threshold': 2.0, 'pred': 'calc'}",31.5523464,0.044691709,0.97278211,1.097749754,0.067055848,0.395589396,0.068253995,0.041076487,0.10184136,0.10184136,0.047913126,"{0.5: 0.00013623716825530608, 1.0: 0.00034966047968579175, 1.5: 0.00022170644233501528, 2.0: 0.0013883328634916423, 2.5: 0.0011071279857868732, 3.0: 0.006260360342164472, 3.5: 0.005212383743066734, 4.0: 0.014337616557811548, 4.5: 0.00635105601980833, 5.0: 0.009101159054733183}"
Item-Based CF,30,5,3,706,sample,20,"{'neighbours': 100, 'threshold': 2.0, 'pred': 'calc'}",53.1543412,0.075289435,0.933056005,1.088647599,0.113981654,0.376500542,0.070958807,0.049575071,0.126770538,0.126770538,0.057719547,"{0.5: 0.0001225089674250961, 1.0: 0.0004261938258053541, 1.5: 0.00030263129730916344, 2.0: 0.0016737736363282866, 2.5: 0.0012296270529316997, 3.0: 0.006938669484727418, 3.5: 0.006078236194049241, 4.0: 0.018152101402942933, 4.5: 0.008652273792407314, 5.0: 0.012477625927160245}"
Item-Based CF,30,5,3,706,sample,30,"{'neighbours': 100, 'threshold': 2.0, 'pred': 'calc'}",82.0618594,0.116234928,0.890127824,1.055357083,0.151445164,0.357462614,0.07015985,0.049575071,0.139423985,0.139423985,0.063485206,"{0.5: 0.00016303702684269673, 1.0: 0.0003862198376723998, 1.5: 0.00033038130161041804, 2.0: 0.0017045585813057161, 2.5: 0.0014187180130680363, 3.0: 0.007704182734450496, 3.5: 0.0064322883529876855, 4.0: 0.01985267851178277, 4.5: 0.009463275996771001, 5.0: 0.014145675790707713}"
Item-Based CF,30,5,3,706,sample,40,"{'neighbours': 100, 'threshold': 2.0, 'pred': 'calc'}",117.0800869,0.165835817,0.870850453,1.036379161,0.183435991,0.343829868,0.070689685,0.04815864,0.148961284,0.148961284,0.068316808,"{0.5: 7.898178547511687e-05, 1.0: 0.0003859720387427998, 1.5: 0.0003248008708014782, 2.0: 0.0016494915836741757, 2.5: 0.0014255541856505087, 3.0: 0.007922552035894885, 3.5: 0.007065890219500354, 4.0: 0.02193961279152111, 4.5: 0.010142454105466223, 5.0: 0.015394316184381961}"
Item-Based CF,30,5,3,706,sample,50,"{'neighbours': 100, 'threshold': 2.0, 'pred': 'calc'}",158.3245659,0.224255759,0.861964062,1.026095375,0.210648186,0.331579523,0.071910756,0.050991501,0.158168083,0.158168083,0.072151401,"{0.5: 7.898178547511687e-05, 1.0: 0.00034380406830990246, 1.5: 0.00044006465846063936, 2.0: 0.0019134710924125302, 2.5: 0.0018035228854985249, 3.0: 0.008417982658610728, 3.5: 0.007553763594517925, 4.0: 0.023579409517038078, 4.5: 0.010951774389651964, 5.0: 0.016015252659709642}"
Item-Based CF,30,5,3,706,sample,60,"{'neighbours': 100, 'threshold': 2.0, 'pred': 'calc'}",205.4503812,0.291006206,0.859123653,1.025261504,0.233971671,0.325035097,0.073436467,0.052407932,0.16421152,0.16421152,0.076344822,"{0.5: 0.00013993030969273887, 1.0: 0.000360519514052736, 1.5: 0.0004967516099451424, 2.0: 0.0020156442029071442, 2.5: 0.002072671027146241, 3.0: 0.009055138942090294, 3.5: 0.008182054033199071, 4.0: 0.02444023011459623, 4.5: 0.011094814222660178, 5.0: 0.01566053796505449}"
Item-Based CF,30,5,3,706,sample,70,"{'neighbours': 100, 'threshold': 2.0, 'pred': 'calc'}",264.392886,0.374494173,0.834987056,1.005402394,0.254704573,0.322223254,0.074980746,0.050991501,0.168649669,0.168649669,0.078238118,"{0.5: 0.00015447441200142488, 1.0: 0.0004356942780355362, 1.5: 0.00036706480521809875, 2.0: 0.001871256199703407, 2.5: 0.002204703765165733, 3.0: 0.009730492407670918, 3.5: 0.008926856316743946, 4.0: 0.02509542688107406, 4.5: 0.011166484641896098, 5.0: 0.01579760523840231}"
Item-Based CF,30,5,3,706,sample,80,"{'neighbours': 100, 'threshold': 2.0, 'pred': 'calc'}",330.2545861,0.4677827,0.81414405,0.981795357,0.2734569,0.316577079,0.076256473,0.055240793,0.174598678,0.174598678,0.080928549,"{0.5: 0.00011557337017698466, 1.0: 0.0004782908860609626, 1.5: 0.0003800020048351922, 2.0: 0.0021634558825076857, 2.5: 0.0019097094727777316, 3.0: 0.010502099647165565, 3.5: 0.009384233811098893, 4.0: 0.02627550968358262, 4.5: 0.011545788952026148, 5.0: 0.0157209756843386}"
Item-Based CF,30,5,3,706,sample,90,"{'neighbours': 100, 'threshold': 2.0, 'pred': 'calc'}",397.3249884,0.56278327,0.790637789,0.955264865,0.290062323,0.312885612,0.077169212,0.053824363,0.178611898,0.178611898,0.082869846,"{0.5: 0.00011557337017698466, 1.0: 0.0004766035041429449, 1.5: 0.00040603684040531795, 2.0: 0.002240708847621672, 2.5: 0.0019345267883286621, 3.0: 0.01085889604747836, 3.5: 0.009702457909349609, 4.0: 0.026861131889747134, 4.5: 0.011806136875855529, 5.0: 0.015900879862099076}"
